INSERT INTO users (id, name, age) VALUES
(1,"Mr. Chocolate", 20),
(2,"Rowdy", 10),
(3,"Tabitha", 6),
(4,"Sargeant Brown", 19),
(5,"Melissa", 13),
(6,"Grinch", 2),
(7,"Wendy", 6),
(8,"User8", 6),
(9,"User9", 6),
(10,"User10", 10),
(11,"User11", 10),
(12,"User12", 12),
(13,"User13", 13),
(14,"User14", 14),
(15,"User15", 15),
(16,"User16", 16),
(17,"User17", 17),
(18,"User18", 18),
(19,"User19", 19),
(20,"User20", 20);

INSERT INTO projects (id, title, category, funding_goal, start_date, end_date) VALUES
(1, 'PROJECT 1', 'music', 500.00, '2010', '2013'),
(2, 'PROJECT 2', 'music', 20.00, '2013', '2014'),
(3, 'PROJECT 3', 'books', 50.00, '2000', '2015'),
(4, 'PROJECT 4', 'charity', 70.00, '2013', '2018'),
(5, 'PROJECT 5', 'charity', 500.00, '2005', '2013'),
(6, 'PROJECT 6', 'music', 100.00, '2014', '2015'),
(7, 'PROJECT 7', 'charity', 20000.00, '2011', '2013'),
(8, 'PROJECT 8', 'charity', 900.00, '2009', '2014'),
(9, 'PROJECT 9', 'charity', 3.00, '2006', '2020'),
(10,'PROJECT 10', 'charity', 500.00, '2012', '2013');

INSERT INTO pledges (id, amount, user_id, project_id) VALUES
(1, 10.00, 1, 2),
(2, 20.00, 1, 3),
(3, 40.00, 1, 4),
(4, 50.00, 2, 3),
(5, 10.00, 3, 2),
(6, 20.00, 4, 4),
(7, 40.00, 5, 10),
(8, 60.00, 6, 10),
(9, 50.00, 7, 9),
(10, 700.00, 8, 8),
(11, 1000.00, 8, 7),
(12, 40.00, 9, 6),
(13, 50.00, 9, 3),
(14, 50.00, 10, 4),
(15, 24.00, 12, 1),
(16, 34.00, 11, 1),
(17, 12.00, 13, 6),
(18, 19.00, 14, 5),
(19, 20.00, 15, 5),
(20, 40.00, 16, 6),
(21, 35.50, 17, 7),
(22, 40.00, 18, 8),
(23, 60.00, 19, 9),
(24, 70.00, 20, 10),
(25, 100.00, 20, 4),
(26, 40.00, 19, 1),
(27, 20.00, 18, 6),
(28, 90.00, 17, 9),
(29, 230.00, 16, 6),
(30, 450.00, 15, 5);
